,Video ID,Video Title,Upload Date
0,M-dT_0m4qhI,SQL interview: How many Twitch viewers became streamers?,2022-10-20
1,rEaSskQhId4,[Part 1] How to Solve an Amazon Python Interview Question - The 3-Step Framework,2022-10-19
2,8IIryKHheYw,(Part 3) How to Formulate the Approach for Solving SQL Interview Questions,2022-10-18
3,yQSZT65WET4,A Python Coding Interview Question From Amazon,2022-10-13
4,OMHbYrL09io,A/B Testing (A) Interview Questions or (B) for Data Scientists,2022-10-12
5,SGDchcWjaTA,(Part 2) Deepen Your Understanding of Data with These Simple Tips,2022-10-10
6,9av7jQ9MA44,A/B Testing Concepts To Know For Data Science,2022-10-06
7,nh2nLDpxDFI,(Part 1) Meta SQL Interview Question: Identify the Popular Posts,2022-10-05
8,Q-3wvYInCeI,Meta SQL Interview Question - A Step-By-Step Solution,2022-09-29
9,0cYfw5mWJ-E,How to Perform Data Analysis with Python for Freedom Debt Relief,2022-09-28
10,sVdNVgtpkD4,A Python Project to Solve Your Debt Problems,2022-09-22
11,M4shTrIgXs0,3 Simple Steps to Solve Noom SQL Interview Questions,2022-09-21
12,5Lpbw71xR3o,Framework to Solve Noom Advanced SQL Interview Question,2022-09-15
13,gtHI672Tlbw,DoorDash Medium Level SQL Interview Question,2022-09-08
14,DmUR2QSNUq8,DoorDash Data Science SQL Interview Question Walkthrough,2022-09-07
15,OLG6_EHMhFk,The One Thing That Keeps Data Scientists Up-to-date,2022-08-31
16,0EoaJE3ePcE,Use STRING_AGG Function to Solve SQL Questions,2022-08-25
17,JDOAcKTy9Mk,Top 5 Data Science Project Ideas in 2022 to Stay Up To Date as a Data Scientist,2022-08-18
18,o8cFJmI50Dw,STRING_AGG Function to Solve Data Science Interview Questions,2022-08-11
19,ggZzHnzYH1s,How To Use Python Window Functions | Solving Amazon Data Science Interview Question,2022-08-03
20,8zeLdtkY2CQ,Data Science Mock Interview | Salesforce SQL Coding Interview Question,2022-06-17
21,tnoOz6MzTPg,Python cumsum() | Solving Python Optimization Questions On a Data Science Interview,2022-05-11
22,OzyHfddLj9g,How to Solve a SQL Interview Question Using WHERE  HAVING | PayPal Data Science Interview,2022-04-13
23,jN5hpgBrz8k,Dealing With Python Date Manipulations In a Meta/Facebook Data Science Interview Question,2022-03-22
24,yFyyP_Uvxj0,How To Solve Data Science Probability Interview Questions | Meta/Facebook Example,2022-03-10
25,Av92CaPTRr8,How to use SQL window functions: RANK vs DENSE_RANK in Data Science Interviews,2022-03-02
26,VEjxlKBkZGM,Amazon Data Science Interview Question Walkthrough | How to Deal with Streaks in SQL,2022-02-08
27,hMUf7DqG1nQ,SQL Basics: How to Join Multiple Tables in SQL and the Importance of LEFT JOIN vs INNER JOIN,2022-01-27
28,ToEl_tpyoM4,Uber Data Science Python Interview Question Walkthrough,2022-01-10
29,30hS-MjpU6E,SQL Syntax Best Practices: How to Structure Your SQL Code,2021-12-22
30,Bgpp99iz0I0,Most Common Coding Mistakes on Data Science Interviews,2021-11-04
31,GeJUvdkJKEc,Multiple Solutions to Data Scientist Interview Question From Amazon [Rolling Average],2021-10-11
32,GGURenNfXI0,Multiple Approaches for Solving a Twitter Data Scientist Interview Question,2021-09-13
33,PlpUo6bHsBQ,Advanced Facebook Data Science SQL interview question [RANK()],2021-08-09
34,uY2wfR8Dkqo,5 Tips for a Successful Data Science Interview,2021-07-26
35,yY7yau9j3xk,Data Science SQL Scenario Based Interview Question [Facebook] - Date Manipulation,2021-07-20
36,i-E4pdU2qXM,Data Science SQL Interview Question Walkthrough [Microsoft] - Window Function: Ranking,2021-07-13
37,T1UhSuKqy3A,Most Common Data Science SQL Interview Question from DoorDash [window functions  partitions],2021-06-15
38,2iE3JgNTwVU,A Walkthrough of Data Science SQL Interview Question from Noom (Date Manipulations),2021-06-04
39,RgKMbpEylWA,Comparing FAANG vs Non-FAANG Data Science Interview Questions,2021-05-24
40,giGIPINLqJs,An Analysis of 900 Data Science Interview Questions | Data Science Interview Guide,2021-05-13
41,77IVf0zgmwI,Importing a Pandas Dataframe to a Database in Python [For Your Data Science Project],2021-05-05
42,xtbMCAVXDmU,Facebook and Microsoft Data Science SQL interview question walkthrough (advanced),2021-04-15
43,fklHBWow8vE,Working with APIs in Python [For Your Data Science Project],2021-04-02
44,tNXliLTlrV8,Step-by-step Approach to Solving Any Data Science SQL Interview Question (Twitch),2021-03-24
45,XRwxYOhHdE8,Facebook&#39;s Most Common Data Science SQL Interview Question [2021 Interview Question and Answer],2021-03-10
46,pV_mnZgzXEo,"Coding Concepts in Data Science Interviews in 2021 (Facebook, Twitch, Postmates)",2021-03-03
47,c4Af2FcgamA,The One and Only Data Science Project You Need,2021-02-24
48,QenwDm5oWdU,Advanced Data Science SQL Interview Question [Amazon] (window functions  aliasing),2021-02-17
